-- phpMyAdmin SQL Dump
-- version 4.0.10deb1
-- http://www.phpmyadmin.net
--
-- Host: localhost
-- Generation Time: May 04, 2016 at 10:13 AM
-- Server version: 5.5.49-0ubuntu0.14.04.1
-- PHP Version: 5.5.9-1ubuntu4.16

SET SQL_MODE = "NO_AUTO_VALUE_ON_ZERO";
SET time_zone = "+00:00";


/*!40101 SET @OLD_CHARACTER_SET_CLIENT=@@CHARACTER_SET_CLIENT */;
/*!40101 SET @OLD_CHARACTER_SET_RESULTS=@@CHARACTER_SET_RESULTS */;
/*!40101 SET @OLD_COLLATION_CONNECTION=@@COLLATION_CONNECTION */;
/*!40101 SET NAMES utf8 */;

--
-- Database: `cms_placeholder_data`
--

-- --------------------------------------------------------

--
-- Table structure for table `authorities`
--

CREATE TABLE IF NOT EXISTS `authorities` (
  `username` varchar(20) NOT NULL,
  `authority` varchar(20) NOT NULL,
  PRIMARY KEY (`username`,`authority`)
) ENGINE=InnoDB DEFAULT CHARSET=latin1;

--
-- Dumping data for table `authorities`
--

INSERT INTO `authorities` (`username`, `authority`) VALUES
('admin', 'ROLE_ADMIN'),
('admin', 'ROLE_EDITOR'),
('editor', 'ROLE_EDITOR');

-- --------------------------------------------------------

--
-- Table structure for table `category`
--

CREATE TABLE IF NOT EXISTS `category` (
  `category_id` int(11) NOT NULL AUTO_INCREMENT,
  `category_name` varchar(50) NOT NULL,
  PRIMARY KEY (`category_id`),
  UNIQUE KEY `name` (`category_name`)
) ENGINE=InnoDB  DEFAULT CHARSET=latin1 AUTO_INCREMENT=6 ;

--
-- Dumping data for table `category`
--

INSERT INTO `category` (`category_id`, `category_name`) VALUES
(3, 'old products'),
(2, 'political opinions'),
(4, 'sales');

-- --------------------------------------------------------

--
-- Table structure for table `page`
--

CREATE TABLE IF NOT EXISTS `page` (
  `page_id` int(11) NOT NULL AUTO_INCREMENT,
  `user_id` int(11) NOT NULL,
  `page_name` varchar(50) NOT NULL,
  `page_content` text NOT NULL,
  `display_index` int(3) NOT NULL,
  `parent_id` int(11) DEFAULT NULL,
  PRIMARY KEY (`page_id`),
  KEY `user_id` (`user_id`),
  KEY `parent_id` (`parent_id`)
) ENGINE=InnoDB  DEFAULT CHARSET=latin1 AUTO_INCREMENT=18 ;

--
-- Dumping data for table `page`
--

INSERT INTO `page` (`page_id`, `user_id`, `page_name`, `page_content`, `display_index`, `parent_id`) VALUES
(1, 1, 'About Us', 'Lorem ipsum dolor sit amet, consectetur adipiscing elit. Phasellus non ullamcorper neque, eu blandit quam. Nam luctus, arcu non luctus viverra, enim tortor tempor odio, sed fringilla mi libero laoreet arcu. Nunc gravida tincidunt ultrices. Donec arcu velit, suscipit id accumsan vitae, auctor nec nibh. Nam odio quam, lobortis nec pellentesque ut, mattis vitae magna. Nunc diam felis, tempus id lectus et, porta condimentum sapien. Pellentesque tellus neque, congue ac ex et, lobortis ornare leo. Pellentesque eget eleifend ligula. Nam nec mauris ligula. Morbi vestibulum dictum neque eu pulvinar. In aliquam felis metus, ut volutpat leo luctus id. Suspendisse accumsan risus vel neque rhoncus consequat.\r\n\r\nPraesent auctor quam eget justo porta viverra. Praesent posuere diam eget orci condimentum, quis pretium neque faucibus. Cras rutrum tortor vel magna suscipit, eget molestie mauris convallis. Proin vestibulum, nulla non pharetra ornare, odio nisl varius nisi, eu finibus odio dui et orci. Morbi efficitur vestibulum arcu, at pretium nisi efficitur sed. Fusce facilisis velit non lacinia rhoncus. Aenean volutpat sodales dictum. Pellentesque ut neque eu dolor mollis lobortis. Phasellus ut nulla libero.\r\n\r\nIn hac habitasse platea dictumst. Sed vitae elit fringilla tortor volutpat tempus eu a lorem. Nunc at auctor tortor. Etiam eu faucibus erat. Etiam volutpat, purus a luctus convallis, felis quam placerat ligula, eget viverra est lacus ut leo. Integer nisi arcu, volutpat ac ipsum pellentesque, scelerisque ultricies urna. Fusce vitae tincidunt erat, nec viverra nisl. Pellentesque imperdiet mi placerat erat imperdiet eleifend. Integer hendrerit lorem turpis, vel maximus massa fringilla in. Etiam eu urna eget lorem fringilla iaculis sed eget nibh. Quisque quis massa eget arcu porttitor tincidunt. Vestibulum interdum finibus leo auctor malesuada.', 1, NULL),
(2, 1, 'Contact Us', 'Lorem ipsum dolor sit amet, consectetur adipiscing elit. Phasellus non ullamcorper neque, eu blandit quam. Nam luctus, arcu non luctus viverra, enim tortor tempor odio, sed fringilla mi libero laoreet arcu. Nunc gravida tincidunt ultrices. Donec arcu velit, suscipit id accumsan vitae, auctor nec nibh. Nam odio quam, lobortis nec pellentesque ut, mattis vitae magna. Nunc diam felis, tempus id lectus et, porta condimentum sapien. Pellentesque tellus neque, congue ac ex et, lobortis ornare leo. Pellentesque eget eleifend ligula. Nam nec mauris ligula. Morbi vestibulum dictum neque eu pulvinar. In aliquam felis metus, ut volutpat leo luctus id. Suspendisse accumsan risus vel neque rhoncus consequat.\r\n\r\nPraesent auctor quam eget justo porta viverra. Praesent posuere diam eget orci condimentum, quis pretium neque faucibus. Cras rutrum tortor vel magna suscipit, eget molestie mauris convallis. Proin vestibulum, nulla non pharetra ornare, odio nisl varius nisi, eu finibus odio dui et orci. Morbi efficitur vestibulum arcu, at pretium nisi efficitur sed. Fusce facilisis velit non lacinia rhoncus. Aenean volutpat sodales dictum. Pellentesque ut neque eu dolor mollis lobortis. Phasellus ut nulla libero.\r\n\r\nIn hac habitasse platea dictumst. Sed vitae elit fringilla tortor volutpat tempus eu a lorem. Nunc at auctor tortor. Etiam eu faucibus erat. Etiam volutpat, purus a luctus convallis, felis quam placerat ligula, eget viverra est lacus ut leo. Integer nisi arcu, volutpat ac ipsum pellentesque, scelerisque ultricies urna. Fusce vitae tincidunt erat, nec viverra nisl. Pellentesque imperdiet mi placerat erat imperdiet eleifend. Integer hendrerit lorem turpis, vel maximus massa fringilla in. Etiam eu urna eget lorem fringilla iaculis sed eget nibh. Quisque quis massa eget arcu porttitor tincidunt. Vestibulum interdum finibus leo auctor malesuada.', 5, NULL),
(4, 1, 'Hours', 'We''re open ALL THE TIME', 2, 1),
(5, 1, 'More info', 'We''re pretty cool!', 4, NULL),
(17, 1, 'Placeholder page', '<p>This is where you can add a page! <strong>Style it</strong> <u>however you</u> <em>like.</em></p>', 3, NULL);

-- --------------------------------------------------------

--
-- Table structure for table `post`
--

CREATE TABLE IF NOT EXISTS `post` (
  `post_id` int(11) NOT NULL AUTO_INCREMENT,
  `user_id` int(11) NOT NULL,
  `post_title` varchar(140) NOT NULL,
  `post_content` blob NOT NULL,
  `post_datetime` datetime NOT NULL,
  `expire_datetime` datetime NOT NULL,
  `flagged_for_review` tinyint(1) NOT NULL,
  `draft` tinyint(1) NOT NULL,
  `editor_comments` text NOT NULL,
  PRIMARY KEY (`post_id`),
  KEY `user_id` (`user_id`)
) ENGINE=InnoDB  DEFAULT CHARSET=latin1 AUTO_INCREMENT=37 ;

--
-- Dumping data for table `post`
--

INSERT INTO `post` (`post_id`, `user_id`, `post_title`, `post_content`, `post_datetime`, `expire_datetime`, `flagged_for_review`, `draft`, `editor_comments`) VALUES
(26, 1, 'Lorem ipsum', 0x3c70207374796c653d22746578742d616c69676e3a206a7573746966793b206c696e652d6865696768743a20313470783b206d617267696e3a203070782030707820313470783b2070616464696e673a203070783b20666f6e742d66616d696c793a20417269616c2c2048656c7665746963612c2073616e733b223e4c6f72656d20697073756d20646f6c6f722073697420616d65742c20636f6e73656374657475722061646970697363696e6720656c69742e2050656c6c656e74657371756520617563746f722c20646f6c6f72206120706f727461206469676e697373696d2c206c656f2065726f7320666163696c697369732076656c69742c2073697420616d657420616c697175616d206c656f206d61676e612076656c20646f6c6f722e20437261732076656e656e617469732c2076656c6974206575206d616c657375616461206469676e697373696d2c2072697375732073656d20637572737573206475692c206567657420626c616e64697420656c6974207075727573207669746165206d61676e612e204675736365206375727375732073656d20746f72746f722c20696e20636f6e73656374657475722076656c697420696e74657264756d2076656c2e204372617320696e74657264756d206d61737361206d6f6c65737469652c20766573746962756c756d206c656f2075742c207072657469756d206573742e2050686173656c6c757320766f6c75747061742076656e656e61746973206e756c6c612c2061207665686963756c6120656c69742076756c70757461746520717569732e205072616573656e7420757420766172697573206d657475732e204d616563656e617320696e206d6920757420746f72746f7220766573746962756c756d206d61747469732e2050656c6c656e7465737175652074656c6c7573206c6967756c612c2072757472756d20617420697073756d20636f6e64696d656e74756d2c20766573746962756c756d20636f6e6775652075726e612e20467573636520616c6971756574206c6f72656d207669746165206e6962682074656d707573206c75637475732e20436c61737320617074656e742074616369746920736f63696f737175206164206c69746f726120746f727175656e742070657220636f6e75626961206e6f737472612c2070657220696e636570746f732068696d656e61656f732e3c2f703e0a3c70207374796c653d22746578742d616c69676e3a206a7573746966793b206c696e652d6865696768743a20313470783b206d617267696e3a203070782030707820313470783b2070616464696e673a203070783b20666f6e742d66616d696c793a20417269616c2c2048656c7665746963612c2073616e733b223e5365642073697420616d6574206c6f72656d206e6f6e206d6173736120736167697474697320636f6e7365717561742e205072616573656e742065742067726176696461206d61676e612c20696e20766172697573206d61676e612e204e616d20626962656e64756d206661756369627573206e6973692c2076697461652063757273757320746f72746f72206d6f6c6c6973206c6163696e69612e2053656420626c616e64697420636f6e64696d656e74756d20766976657272612e204d6f726269206d6178696d75732066696e6962757320657261742073697420616d657420616363756d73616e2e204475697320696e2074656d706f72206f7263692e20446f6e6563206567657374617320656c6974206174206e65717565206469676e697373696d2c20696e2064696374756d206e65717565206469676e697373696d2e3c2f703e0a3c70207374796c653d22746578742d616c69676e3a206a7573746966793b206c696e652d6865696768743a20313470783b206d617267696e3a203070782030707820313470783b2070616464696e673a203070783b20666f6e742d66616d696c793a20417269616c2c2048656c7665746963612c2073616e733b223e467573636520706c61636572617420747269737469717565207475727069732c206e656320666175636962757320656e696d206672696e67696c6c61207365642e204e756c6c616d2074696e636964756e74206c656f207669746165206d61676e6120736167697474697320706f73756572652e2053656420612074656d706f7220616e74652e20566573746962756c756d2065676573746173206469616d206d657475732c2076656c206c6163696e6961206d61676e6120636f6e76616c6c697320612e204e756c6c6120636f6e73656374657475722071756973206e756c6c61206575207472697374697175652e204d61757269732070656c6c656e7465737175652c20746f72746f72206574206c616f72656574207472697374697175652c206c6f72656d2073617069656e2072686f6e637573206f7263692c20696420696d70657264696574206578206e756c6c61206e6f6e206e657175652e20416c697175616d206d616c657375616461206a7573746f206c6967756c612c2073697420616d657420766172697573206f72636920657569736d6f642073697420616d65742e204e616d20616c697175657420646f6c6f72207574206e65717565206469676e697373696d2c20617420756c747269636573206e756c6c6120616c697175616d2e204d6175726973206c7563747573206578206e6563206c656f20626c616e6469742070656c6c656e7465737175652061632061206d617373612e20446f6e656320617420617263752076656c206e6571756520696d706572646965742076656e656e617469732e20446f6e6563206174206a7573746f206f64696f2e3c2f703e0a3c70207374796c653d22746578742d616c69676e3a206a7573746966793b206c696e652d6865696768743a20313470783b206d617267696e3a203070782030707820313470783b2070616464696e673a203070783b20666f6e742d66616d696c793a20417269616c2c2048656c7665746963612c2073616e733b223e4c6f72656d20697073756d20646f6c6f722073697420616d65742c20636f6e73656374657475722061646970697363696e6720656c69742e2053757370656e64697373652076617269757320736f64616c65732065737420656765742070686172657472612e205072616573656e7420696e74657264756d206e69626820617420726973757320756c6c616d636f727065722c207574207472697374697175652074757270697320706f7274612e204375726162697475722065752065726f732076656c20707572757320616c697175657420706f7274612e20416c697175616d207574206c656f2076756c707574617465206f64696f20656c656d656e74756d207363656c657269737175652e2050656c6c656e74657371756520636f6e73657175617420656e696d2065676574206475692072686f6e6375732c2073656420666163696c697369732074757270697320706f72747469746f722e204e616d20706861726574726120706f72747469746f72206469616d2c20617563746f7220736f6c6c696369747564696e206d6173736120656c656d656e74756d206e6f6e2e20416c697175616d206572617420766f6c75747061742e204475697320756c6c616d636f7270657220656e696d2072697375732e3c2f703e0a3c70207374796c653d22746578742d616c69676e3a206a7573746966793b206c696e652d6865696768743a20313470783b206d617267696e3a203070782030707820313470783b2070616464696e673a203070783b20666f6e742d66616d696c793a20417269616c2c2048656c7665746963612c2073616e733b223e457469616d206964206c6f72656d2066696e696275732c20656c656d656e74756d2076656c69742076656c2c20736f64616c6573206c616375732e2041656e65616e2074696e636964756e742065676573746173206e697369206e656320646170696275732e2046757363652073697420616d6574206d6f6c657374696520697073756d2c207365642076656e656e617469732076656c69742e2053656420616363756d73616e20636f6e7365637465747572206c696265726f207175697320656c656966656e642e2050686173656c6c757320766573746962756c756d2c206d692061742074696e636964756e74207363656c657269737175652c2073617069656e206a7573746f2076697665727261206d617373612c20617420666163696c697369732073617069656e207475727069732073656420746f72746f722e20536564206e6563206d657475732074696e636964756e742c206469676e697373696d206f64696f2069642c20706c6163657261742072697375732e20496e7465676572206174206d61757269732073656d7065722c2064696374756d206c616375732061632c206661756369627573206475692e204372617320626962656e64756d2073656d2061632070757275732072686f6e637573206672696e67696c6c612e204e756e6320696e74657264756d206d6920766976657272612c206f726e617265206469616d20656765742c2076617269757320746f72746f722e3c2f703e, '2016-04-21 14:17:40', '9999-12-31 00:00:00', 0, 0, ''),
(27, 1, 'Lorem ipsum', 0x3c70207374796c653d22746578742d616c69676e3a206a7573746966793b206c696e652d6865696768743a20313470783b206d617267696e3a203070782030707820313470783b2070616464696e673a203070783b20666f6e742d66616d696c793a20417269616c2c2048656c7665746963612c2073616e733b223e4c6f72656d20697073756d20646f6c6f722073697420616d65742c20636f6e73656374657475722061646970697363696e6720656c69742e2050656c6c656e74657371756520617563746f722c20646f6c6f72206120706f727461206469676e697373696d2c206c656f2065726f7320666163696c697369732076656c69742c2073697420616d657420616c697175616d206c656f206d61676e612076656c20646f6c6f722e20437261732076656e656e617469732c2076656c6974206575206d616c657375616461206469676e697373696d2c2072697375732073656d20637572737573206475692c206567657420626c616e64697420656c6974207075727573207669746165206d61676e612e204675736365206375727375732073656d20746f72746f722c20696e20636f6e73656374657475722076656c697420696e74657264756d2076656c2e204372617320696e74657264756d206d61737361206d6f6c65737469652c20766573746962756c756d206c656f2075742c207072657469756d206573742e2050686173656c6c757320766f6c75747061742076656e656e61746973206e756c6c612c2061207665686963756c6120656c69742076756c70757461746520717569732e205072616573656e7420757420766172697573206d657475732e204d616563656e617320696e206d6920757420746f72746f7220766573746962756c756d206d61747469732e2050656c6c656e7465737175652074656c6c7573206c6967756c612c2072757472756d20617420697073756d20636f6e64696d656e74756d2c20766573746962756c756d20636f6e6775652075726e612e20467573636520616c6971756574206c6f72656d207669746165206e6962682074656d707573206c75637475732e20436c61737320617074656e742074616369746920736f63696f737175206164206c69746f726120746f727175656e742070657220636f6e75626961206e6f737472612c2070657220696e636570746f732068696d656e61656f732e3c2f703e0a3c70207374796c653d22746578742d616c69676e3a206a7573746966793b206c696e652d6865696768743a20313470783b206d617267696e3a203070782030707820313470783b2070616464696e673a203070783b20666f6e742d66616d696c793a20417269616c2c2048656c7665746963612c2073616e733b223e5365642073697420616d6574206c6f72656d206e6f6e206d6173736120736167697474697320636f6e7365717561742e205072616573656e742065742067726176696461206d61676e612c20696e20766172697573206d61676e612e204e616d20626962656e64756d206661756369627573206e6973692c2076697461652063757273757320746f72746f72206d6f6c6c6973206c6163696e69612e2053656420626c616e64697420636f6e64696d656e74756d20766976657272612e204d6f726269206d6178696d75732066696e6962757320657261742073697420616d657420616363756d73616e2e204475697320696e2074656d706f72206f7263692e20446f6e6563206567657374617320656c6974206174206e65717565206469676e697373696d2c20696e2064696374756d206e65717565206469676e697373696d2e3c2f703e0a3c70207374796c653d22746578742d616c69676e3a206a7573746966793b206c696e652d6865696768743a20313470783b206d617267696e3a203070782030707820313470783b2070616464696e673a203070783b20666f6e742d66616d696c793a20417269616c2c2048656c7665746963612c2073616e733b223e467573636520706c61636572617420747269737469717565207475727069732c206e656320666175636962757320656e696d206672696e67696c6c61207365642e204e756c6c616d2074696e636964756e74206c656f207669746165206d61676e6120736167697474697320706f73756572652e2053656420612074656d706f7220616e74652e20566573746962756c756d2065676573746173206469616d206d657475732c2076656c206c6163696e6961206d61676e6120636f6e76616c6c697320612e204e756c6c6120636f6e73656374657475722071756973206e756c6c61206575207472697374697175652e204d61757269732070656c6c656e7465737175652c20746f72746f72206574206c616f72656574207472697374697175652c206c6f72656d2073617069656e2072686f6e637573206f7263692c20696420696d70657264696574206578206e756c6c61206e6f6e206e657175652e20416c697175616d206d616c657375616461206a7573746f206c6967756c612c2073697420616d657420766172697573206f72636920657569736d6f642073697420616d65742e204e616d20616c697175657420646f6c6f72207574206e65717565206469676e697373696d2c20617420756c747269636573206e756c6c6120616c697175616d2e204d6175726973206c7563747573206578206e6563206c656f20626c616e6469742070656c6c656e7465737175652061632061206d617373612e20446f6e656320617420617263752076656c206e6571756520696d706572646965742076656e656e617469732e20446f6e6563206174206a7573746f206f64696f2e3c2f703e0a3c70207374796c653d22746578742d616c69676e3a206a7573746966793b206c696e652d6865696768743a20313470783b206d617267696e3a203070782030707820313470783b2070616464696e673a203070783b20666f6e742d66616d696c793a20417269616c2c2048656c7665746963612c2073616e733b223e4c6f72656d20697073756d20646f6c6f722073697420616d65742c20636f6e73656374657475722061646970697363696e6720656c69742e2053757370656e64697373652076617269757320736f64616c65732065737420656765742070686172657472612e205072616573656e7420696e74657264756d206e69626820617420726973757320756c6c616d636f727065722c207574207472697374697175652074757270697320706f7274612e204375726162697475722065752065726f732076656c20707572757320616c697175657420706f7274612e20416c697175616d207574206c656f2076756c707574617465206f64696f20656c656d656e74756d207363656c657269737175652e2050656c6c656e74657371756520636f6e73657175617420656e696d2065676574206475692072686f6e6375732c2073656420666163696c697369732074757270697320706f72747469746f722e204e616d20706861726574726120706f72747469746f72206469616d2c20617563746f7220736f6c6c696369747564696e206d6173736120656c656d656e74756d206e6f6e2e20416c697175616d206572617420766f6c75747061742e204475697320756c6c616d636f7270657220656e696d2072697375732e3c2f703e0a3c70207374796c653d22746578742d616c69676e3a206a7573746966793b206c696e652d6865696768743a20313470783b206d617267696e3a203070782030707820313470783b2070616464696e673a203070783b20666f6e742d66616d696c793a20417269616c2c2048656c7665746963612c2073616e733b223e457469616d206964206c6f72656d2066696e696275732c20656c656d656e74756d2076656c69742076656c2c20736f64616c6573206c616375732e2041656e65616e2074696e636964756e742065676573746173206e697369206e656320646170696275732e2046757363652073697420616d6574206d6f6c657374696520697073756d2c207365642076656e656e617469732076656c69742e2053656420616363756d73616e20636f6e7365637465747572206c696265726f207175697320656c656966656e642e2050686173656c6c757320766573746962756c756d2c206d692061742074696e636964756e74207363656c657269737175652c2073617069656e206a7573746f2076697665727261206d617373612c20617420666163696c697369732073617069656e207475727069732073656420746f72746f722e20536564206e6563206d657475732074696e636964756e742c206469676e697373696d206f64696f2069642c20706c6163657261742072697375732e20496e7465676572206174206d61757269732073656d7065722c2064696374756d206c616375732061632c206661756369627573206475692e204372617320626962656e64756d2073656d2061632070757275732072686f6e637573206672696e67696c6c612e204e756e6320696e74657264756d206d6920766976657272612c206f726e617265206469616d20656765742c2076617269757320746f72746f722e3c2f703e, '2016-04-21 14:18:44', '9999-12-31 00:00:00', 0, 0, ''),
(28, 1, 'Category test', 0x3c70207374796c653d22746578742d616c69676e3a206a7573746966793b206c696e652d6865696768743a20313470783b206d617267696e3a203070782030707820313470783b2070616464696e673a203070783b20666f6e742d66616d696c793a20417269616c2c2048656c7665746963612c2073616e733b223e4c6f72656d20697073756d20646f6c6f722073697420616d65742c20636f6e73656374657475722061646970697363696e6720656c69742e20416c697175616d2072686f6e63757320696163756c69732064756920766974616520636f6e7365717561742e2050656c6c656e746573717565206861626974616e74206d6f726269207472697374697175652073656e6563747573206574206e65747573206574206d616c6573756164612066616d65732061632074757270697320656765737461732e204e756c6c616d20636f6e7365637465747572206e756e632073697420616d65742068656e64726572697420666163696c697369732e204e616d20616c697175616d2c206a7573746f20696e20656c656d656e74756d20626962656e64756d2c206f64696f206e6962682070756c76696e6172206c656f2c206964206c6f626f727469732070757275732065726f732073697420616d6574207175616d2e2041656e65616e20616c69717565742070757275732076656c2073656d206d6f6c657374696520636f6e73656374657475722e204675736365206163206d657475732076697461652073656d206d6f6c6c697320696e74657264756d2e20457469616d206163207475727069732076656c69742e2050726f696e20656765742076656c697420756c6c616d636f727065722c20626c616e646974206d657475732076656c2c20766f6c75747061742065782e2050686173656c6c75732068656e6472657269742065676574206e756e6320616320636f6e6775652e2041656e65616e2076756c70757461746520656666696369747572206a7573746f2075742070686172657472612e204d6175726973206f64696f206c696265726f2c206672696e67696c6c61206163206d657475732076656c2c20736167697474697320616c6971756574206d617373612e20437572616269747572206d61757269732073656d2c20616c697175616d207365642074656c6c7573206e65632c20736f64616c657320636f6e6775652065782e2046757363652065676574207175616d20656c69742e204e756e632061206d6175726973206c6967756c612e2053656420696e206573742061742074656c6c757320666163696c697369732076756c7075746174652e3c2f703e0a3c70207374796c653d22746578742d616c69676e3a206a7573746966793b206c696e652d6865696768743a20313470783b206d617267696e3a203070782030707820313470783b2070616464696e673a203070783b20666f6e742d66616d696c793a20417269616c2c2048656c7665746963612c2073616e733b223e53656420736564206d692065676574206d6574757320706f72746120636f6e73656374657475722e2050656c6c656e74657371756520706f72747469746f722c206475692065676574206375727375732074696e636964756e742c206e6973692065737420626962656e64756d206c696265726f2c20636f6e73657175617420636f6e736571756174206c61637573206c6563747573206964206c696265726f2e20446f6e656320756c6c616d636f727065722072757472756d206c616f726565742e2050726f696e20696e207175616d2071756973206e756c6c612076656e656e617469732074656d706f722e204e756c6c61206163206e756c6c61206f726e6172652c20656c656d656e74756d206e756e6320612c2065676573746173206e756e632e204e756c6c6120636f6e67756520756c747269636573206e697369207665686963756c61207363656c657269737175652e2053757370656e6469737365206d6178696d757320656c69742072697375732c20617420766f6c7574706174206d65747573206665726d656e74756d206e65632e204e756c6c616d206c616f726565742c206d61757269732071756973206c6163696e6961206d6f6c65737469652c207175616d206e697369206c616f726565742065726f732c20736564206d61747469732076656c6974206c61637573206575206f7263692e204e756c6c616d20657420656c656966656e64206e69736c2e3c2f703e0a3c70207374796c653d22746578742d616c69676e3a206a7573746966793b206c696e652d6865696768743a20313470783b206d617267696e3a203070782030707820313470783b2070616464696e673a203070783b20666f6e742d66616d696c793a20417269616c2c2048656c7665746963612c2073616e733b223e4e756c6c61206964206e65717565206d657475732e205365642061206c656f207669746165207475727069732074696e636964756e74206c616f72656574206e6f6e2071756973206f64696f2e205574206c6163696e6961206e756e632073697420616d6574206e6571756520636f6e73656374657475722c2076656c206f726e617265206c656f207472697374697175652e2050686173656c6c7573206120616c6971756574206c6967756c612e20496e74656765722074656d706f72206c656f206e65632066657567696174206c6f626f727469732e205072616573656e7420696e74657264756d20656c6974206e65632074656d707573206c616f726565742e204d6f72626920736f64616c65732c2076656c69742076656c20656666696369747572206c6f626f727469732c206c616375732073617069656e206f726e617265206c6f72656d2c2076656c20706c61636572617420646f6c6f722073617069656e206163206c6f72656d2e204e756c6c616d206e69736c2075726e612c20616c697175657420657420706f737565726520656765742c207072657469756d206575206e756c6c612e204e616d206e656320706f7274612072697375732e3c2f703e0a3c70207374796c653d22746578742d616c69676e3a206a7573746966793b206c696e652d6865696768743a20313470783b206d617267696e3a203070782030707820313470783b2070616464696e673a203070783b20666f6e742d66616d696c793a20417269616c2c2048656c7665746963612c2073616e733b223e41656e65616e206d617474697320766172697573206d61747469732e204e756c6c616d206d616c657375616461207665686963756c6120617563746f722e2050656c6c656e746573717565206163206c61637573206475692e20536564206e65632068656e647265726974206d61676e612e20457469616d20696e74657264756d2075726e612065676574207363656c65726973717565206566666963697475722e2053656420736167697474697320706f737565726520766976657272612e2044756973206120756c74726963696573207475727069732e20457469616d20696e74657264756d2066656c69732061206d6f6c6c69732072686f6e6375732e2051756973717565206d61747469732076656c20656e696d2061632066696e696275732e205365642061206d61737361206574206d6920706f72747469746f722070656c6c656e7465737175652e20536564206665726d656e74756d2c2061726375206964206d616c6573756164612074656d7075732c206a7573746f206c6f72656d20736f64616c65732070757275732c20757420636f6d6d6f646f20656e696d20657374206174206c65637475732e20446f6e65632066696e696275732c2074656c6c75732073697420616d6574207665686963756c6120636f6d6d6f646f2c207075727573206572617420747269737469717565206a7573746f2c20757420636f6d6d6f646f2073617069656e2066656c6973206d6174746973206e756c6c612e20566976616d7573207175697320707572757320746f72746f722e204d616563656e617320696e206c696265726f207175697320697073756d20657569736d6f6420656765737461732061742069642061756775652e20446f6e656320636f6e736563746574757220617263752076756c70757461746520706861726574726120646170696275732e204375726162697475722076756c707574617465206469616d206e6563206469616d20626c616e6469742c20757420736f6c6c696369747564696e206d6920616c697175616d2e3c2f703e0a3c70207374796c653d22746578742d616c69676e3a206a7573746966793b206c696e652d6865696768743a20313470783b206d617267696e3a203070782030707820313470783b2070616464696e673a203070783b20666f6e742d66616d696c793a20417269616c2c2048656c7665746963612c2073616e733b223e467573636520617567756520646f6c6f722c2074696e636964756e7420696e206469616d2069642c2074656d706f7220747269737469717565206c6f72656d2e204e756e632070686172657472612c2064756920636f6e64696d656e74756d20766573746962756c756d20636f6e64696d656e74756d2c207175616d206d6920706f727461206f64696f2c20717569732066696e696275732073656d206a7573746f207669746165206d617373612e20446f6e65632065726f7320646f6c6f722c207669766572726120766573746962756c756d2066656c69732061632c20766573746962756c756d20766573746962756c756d206c6f72656d2e204d6f726269206575206e6962682073656d7065722c2072757472756d20746f72746f722065752c206c616f726565742072697375732e2051756973717565206964207175616d20756c74726963696573206572617420766f6c757470617420756c6c616d636f727065722e20467573636520766f6c7574706174206d61676e61207475727069732e20496e746567657220666163696c697369732065737420756c7472696365732065726f73206665726d656e74756d2c20766974616520696d70657264696574206c696265726f2074656d706f722e204e756c6c616d207363656c6572697371756520756c6c616d636f72706572206c6967756c612071756973207472697374697175652e3c2f703e, '2016-04-22 09:34:48', '9999-12-31 00:00:00', 0, 0, ''),
(29, 1, 'Category test 3', 0x3c70207374796c653d22746578742d616c69676e3a206a7573746966793b206c696e652d6865696768743a20313470783b206d617267696e3a203070782030707820313470783b2070616464696e673a203070783b20666f6e742d66616d696c793a20417269616c2c2048656c7665746963612c2073616e733b223e4c6f72656d20697073756d20646f6c6f722073697420616d65742c20636f6e73656374657475722061646970697363696e6720656c69742e20416c697175616d2072686f6e63757320696163756c69732064756920766974616520636f6e7365717561742e2050656c6c656e746573717565206861626974616e74206d6f726269207472697374697175652073656e6563747573206574206e65747573206574206d616c6573756164612066616d65732061632074757270697320656765737461732e204e756c6c616d20636f6e7365637465747572206e756e632073697420616d65742068656e64726572697420666163696c697369732e204e616d20616c697175616d2c206a7573746f20696e20656c656d656e74756d20626962656e64756d2c206f64696f206e6962682070756c76696e6172206c656f2c206964206c6f626f727469732070757275732065726f732073697420616d6574207175616d2e2041656e65616e20616c69717565742070757275732076656c2073656d206d6f6c657374696520636f6e73656374657475722e204675736365206163206d657475732076697461652073656d206d6f6c6c697320696e74657264756d2e20457469616d206163207475727069732076656c69742e2050726f696e20656765742076656c697420756c6c616d636f727065722c20626c616e646974206d657475732076656c2c20766f6c75747061742065782e2050686173656c6c75732068656e6472657269742065676574206e756e6320616320636f6e6775652e2041656e65616e2076756c70757461746520656666696369747572206a7573746f2075742070686172657472612e204d6175726973206f64696f206c696265726f2c206672696e67696c6c61206163206d657475732076656c2c20736167697474697320616c6971756574206d617373612e20437572616269747572206d61757269732073656d2c20616c697175616d207365642074656c6c7573206e65632c20736f64616c657320636f6e6775652065782e2046757363652065676574207175616d20656c69742e204e756e632061206d6175726973206c6967756c612e2053656420696e206573742061742074656c6c757320666163696c697369732076756c7075746174652e3c2f703e0a3c70207374796c653d22746578742d616c69676e3a206a7573746966793b206c696e652d6865696768743a20313470783b206d617267696e3a203070782030707820313470783b2070616464696e673a203070783b20666f6e742d66616d696c793a20417269616c2c2048656c7665746963612c2073616e733b223e53656420736564206d692065676574206d6574757320706f72746120636f6e73656374657475722e2050656c6c656e74657371756520706f72747469746f722c206475692065676574206375727375732074696e636964756e742c206e6973692065737420626962656e64756d206c696265726f2c20636f6e73657175617420636f6e736571756174206c61637573206c6563747573206964206c696265726f2e20446f6e656320756c6c616d636f727065722072757472756d206c616f726565742e2050726f696e20696e207175616d2071756973206e756c6c612076656e656e617469732074656d706f722e204e756c6c61206163206e756c6c61206f726e6172652c20656c656d656e74756d206e756e6320612c2065676573746173206e756e632e204e756c6c6120636f6e67756520756c747269636573206e697369207665686963756c61207363656c657269737175652e2053757370656e6469737365206d6178696d757320656c69742072697375732c20617420766f6c7574706174206d65747573206665726d656e74756d206e65632e204e756c6c616d206c616f726565742c206d61757269732071756973206c6163696e6961206d6f6c65737469652c207175616d206e697369206c616f726565742065726f732c20736564206d61747469732076656c6974206c61637573206575206f7263692e204e756c6c616d20657420656c656966656e64206e69736c2e3c2f703e0a3c70207374796c653d22746578742d616c69676e3a206a7573746966793b206c696e652d6865696768743a20313470783b206d617267696e3a203070782030707820313470783b2070616464696e673a203070783b20666f6e742d66616d696c793a20417269616c2c2048656c7665746963612c2073616e733b223e4e756c6c61206964206e65717565206d657475732e205365642061206c656f207669746165207475727069732074696e636964756e74206c616f72656574206e6f6e2071756973206f64696f2e205574206c6163696e6961206e756e632073697420616d6574206e6571756520636f6e73656374657475722c2076656c206f726e617265206c656f207472697374697175652e2050686173656c6c7573206120616c6971756574206c6967756c612e20496e74656765722074656d706f72206c656f206e65632066657567696174206c6f626f727469732e205072616573656e7420696e74657264756d20656c6974206e65632074656d707573206c616f726565742e204d6f72626920736f64616c65732c2076656c69742076656c20656666696369747572206c6f626f727469732c206c616375732073617069656e206f726e617265206c6f72656d2c2076656c20706c61636572617420646f6c6f722073617069656e206163206c6f72656d2e204e756c6c616d206e69736c2075726e612c20616c697175657420657420706f737565726520656765742c207072657469756d206575206e756c6c612e204e616d206e656320706f7274612072697375732e3c2f703e0a3c70207374796c653d22746578742d616c69676e3a206a7573746966793b206c696e652d6865696768743a20313470783b206d617267696e3a203070782030707820313470783b2070616464696e673a203070783b20666f6e742d66616d696c793a20417269616c2c2048656c7665746963612c2073616e733b223e41656e65616e206d617474697320766172697573206d61747469732e204e756c6c616d206d616c657375616461207665686963756c6120617563746f722e2050656c6c656e746573717565206163206c61637573206475692e20536564206e65632068656e647265726974206d61676e612e20457469616d20696e74657264756d2075726e612065676574207363656c65726973717565206566666963697475722e2053656420736167697474697320706f737565726520766976657272612e2044756973206120756c74726963696573207475727069732e20457469616d20696e74657264756d2066656c69732061206d6f6c6c69732072686f6e6375732e2051756973717565206d61747469732076656c20656e696d2061632066696e696275732e205365642061206d61737361206574206d6920706f72747469746f722070656c6c656e7465737175652e20536564206665726d656e74756d2c2061726375206964206d616c6573756164612074656d7075732c206a7573746f206c6f72656d20736f64616c65732070757275732c20757420636f6d6d6f646f20656e696d20657374206174206c65637475732e20446f6e65632066696e696275732c2074656c6c75732073697420616d6574207665686963756c6120636f6d6d6f646f2c207075727573206572617420747269737469717565206a7573746f2c20757420636f6d6d6f646f2073617069656e2066656c6973206d6174746973206e756c6c612e20566976616d7573207175697320707572757320746f72746f722e204d616563656e617320696e206c696265726f207175697320697073756d20657569736d6f6420656765737461732061742069642061756775652e20446f6e656320636f6e736563746574757220617263752076756c70757461746520706861726574726120646170696275732e204375726162697475722076756c707574617465206469616d206e6563206469616d20626c616e6469742c20757420736f6c6c696369747564696e206d6920616c697175616d2e3c2f703e0a3c70207374796c653d22746578742d616c69676e3a206a7573746966793b206c696e652d6865696768743a20313470783b206d617267696e3a203070782030707820313470783b2070616464696e673a203070783b20666f6e742d66616d696c793a20417269616c2c2048656c7665746963612c2073616e733b223e467573636520617567756520646f6c6f722c2074696e636964756e7420696e206469616d2069642c2074656d706f7220747269737469717565206c6f72656d2e204e756e632070686172657472612c2064756920636f6e64696d656e74756d20766573746962756c756d20636f6e64696d656e74756d2c207175616d206d6920706f727461206f64696f2c20717569732066696e696275732073656d206a7573746f207669746165206d617373612e20446f6e65632065726f7320646f6c6f722c207669766572726120766573746962756c756d2066656c69732061632c20766573746962756c756d20766573746962756c756d206c6f72656d2e204d6f726269206575206e6962682073656d7065722c2072757472756d20746f72746f722065752c206c616f726565742072697375732e2051756973717565206964207175616d20756c74726963696573206572617420766f6c757470617420756c6c616d636f727065722e20467573636520766f6c7574706174206d61676e61207475727069732e20496e746567657220666163696c697369732065737420756c7472696365732065726f73206665726d656e74756d2c20766974616520696d70657264696574206c696265726f2074656d706f722e204e756c6c616d207363656c6572697371756520756c6c616d636f72706572206c6967756c612071756973207472697374697175652e3c2f703e, '2016-04-22 09:40:06', '9999-12-31 00:00:00', 0, 0, ''),
(30, 1, 'lipsum', 0x3c70207374796c653d22746578742d616c69676e3a206a7573746966793b206c696e652d6865696768743a20313470783b206d617267696e3a203070782030707820313470783b2070616464696e673a203070783b20666f6e742d66616d696c793a20417269616c2c2048656c7665746963612c2073616e733b223e4c6f72656d20697073756d20646f6c6f722073697420616d65742c20636f6e73656374657475722061646970697363696e6720656c69742e20566976616d75732065676573746173207072657469756d2072757472756d2e2053656420616320746f72746f7220696e206c6f72656d20706f72746120696d706572646965742e2053656420656c656966656e642c2066656c697320657520636f6d6d6f646f20706f7274612c206e69736c20656c69742070656c6c656e746573717565206f64696f2c2061742076756c70757461746520746f72746f72206175677565206e6563206c6967756c612e205175697371756520756c7472696365732c20697073756d20696420737573636970697420636f6e76616c6c69732c20616e7465206e756c6c6120766573746962756c756d20656c69742c20636f6e76616c6c6973206d6178696d7573206d692074656c6c7573207365642065726f732e204d616563656e61732066617563696275732c206c6563747573206174206c6f626f7274697320636f6e76616c6c69732c20656c697420697073756d2065676573746173206d61757269732c206e6f6e206672696e67696c6c61206469616d2076656c6974206163206c656f2e204e756c6c6120657569736d6f64206469616d206574206d61676e61206469676e697373696d2c2061742072757472756d207175616d206d61747469732e204d61757269732076656c206f64696f206567657420746f72746f7220616c69717565742074656d706f722e2050726f696e207175616d206d617373612c20747269737469717565206575206d6f6c6573746965207365642c20737573636970697420736564206c616375732e2050656c6c656e746573717565206c616f7265657420746f72746f72206575206d69206d616c6573756164612c20657520636f6e7365637465747572207175616d20656c656966656e642e3c2f703e0a3c70207374796c653d22746578742d616c69676e3a206a7573746966793b206c696e652d6865696768743a20313470783b206d617267696e3a203070782030707820313470783b2070616464696e673a203070783b20666f6e742d66616d696c793a20417269616c2c2048656c7665746963612c2073616e733b223e496e74657264756d206574206d616c6573756164612066616d657320616320616e746520697073756d207072696d697320696e2066617563696275732e2041656e65616e207661726975732066656c6973206575206d6175726973206c6163696e696120736f64616c65732e2050686173656c6c757320766573746962756c756d2065726f73206d616c657375616461206c61637573206c616f726565742072757472756d2e20496e20736564206572617420636f6e73656374657475722c2076756c707574617465206c616375732073697420616d65742c20617563746f72206d61757269732e2050656c6c656e7465737175652070656c6c656e746573717565206f726e6172652075726e612c2076697461652072757472756d206c6163757320626962656e64756d20717569732e20557420766976657272612065737420616320707572757320626c616e646974206f726e6172652e2053656420617563746f722065737420736564206c696265726f2074656d706f722c206567657420626962656e64756d206e6571756520677261766964612e20496e206c616f7265657420616c697175616d206d69206120696e74657264756d2e20566573746962756c756d20616e746520697073756d207072696d697320696e206661756369627573206f726369206c756374757320657420756c74726963657320706f737565726520637562696c69612043757261653b204675736365207365642072686f6e6375732070757275732e3c2f703e0a3c70207374796c653d22746578742d616c69676e3a206a7573746966793b206c696e652d6865696768743a20313470783b206d617267696e3a203070782030707820313470783b2070616464696e673a203070783b20666f6e742d66616d696c793a20417269616c2c2048656c7665746963612c2073616e733b223e53757370656e64697373652074696e636964756e74207175616d206a7573746f2c206120626962656e64756d207475727069732070756c76696e61722061632e204475697320747269737469717565206d69206574206f64696f20756c747269636965732c207175697320636f6e736571756174206e69626820677261766964612e2050656c6c656e7465737175652061742070686172657472612076656c69742e204d6f7262692070656c6c656e7465737175652076656c697420657261742c206964206d616c657375616461206c696265726f206469676e697373696d207365642e20446f6e6563206d6f6c6c69732073656d20706f72747469746f72206665726d656e74756d20756c6c616d636f727065722e20416c697175616d2066617563696275732068656e6472657269742074696e636964756e742e204e616d2065742070757275732065752073617069656e20696d706572646965742070686172657472612e204e756c6c61207068617265747261206d61747469732061756775652076656c20756c6c616d636f727065722e204e756c6c616d206d6f6c65737469652c206c6f72656d20717569732074696e636964756e74206566666963697475722c20656e696d2073617069656e2074656d707573206c656f2c206567657374617320736167697474697320657261742074656c6c75732065742065726f732e2050726f696e206d6920617263752c2072686f6e637573206d616c657375616461206e657175652065742c20736f64616c6573207361676974746973206f64696f2e20446f6e65632073656d7065722065726174206e656320636f6e76616c6c69732076656e656e617469732e204e756c6c616d2075742075726e6120706c6163657261742c20636f6e736563746574757220746f72746f7220717569732c20636f6e67756520657261742e20566976616d75732068656e64726572697420646f6c6f722076656c206f7263692072757472756d206665726d656e74756d2e2053757370656e646973736520706f74656e74692e204e756c6c612073697420616d657420766573746962756c756d2070757275732c2061206c616f726565742061756775652e20457469616d20617420697073756d2061756775652e3c2f703e0a3c70207374796c653d22746578742d616c69676e3a206a7573746966793b206c696e652d6865696768743a20313470783b206d617267696e3a203070782030707820313470783b2070616464696e673a203070783b20666f6e742d66616d696c793a20417269616c2c2048656c7665746963612c2073616e733b223e41656e65616e20616c697175616d206d61737361206e6563206e69736c20736f64616c65732c2061742068656e6472657269742073656d2076656e656e617469732e20566976616d7573206163206e69626820656c656d656e74756d2c20636f6e6775652073617069656e2075742c20756c6c616d636f7270657220656e696d2e204e756c6c616d2075726e61206c6967756c612c206c75637475732071756973207175616d2061742c207661726975732072757472756d206f7263692e20446f6e656320657261742074656c6c75732c2074656d70757320657520706f727461207472697374697175652c206566666963697475722074656d706f72207475727069732e20517569737175652070656c6c656e7465737175652c206578206163207661726975732066696e696275732c20656c69742064756920706861726574726120656e696d2c2073697420616d6574206d6178696d7573206c6f72656d2074656c6c75732073697420616d65742070757275732e2050686173656c6c75732076656c206d61676e612076656c20617263752072686f6e6375732070686172657472612072757472756d2073697420616d65742065726f732e2050686173656c6c757320616363756d73616e206c6f72656d2070757275732c2073656420656c656d656e74756d206d617373612073616769747469732076656c2e2050656c6c656e74657371756520696e206d6174746973206d657475732e205574206c6563747573206d61676e612c206672696e67696c6c612061206665726d656e74756d2075742c206469676e697373696d2065752076656c69742e204475697320656765742065726f732072686f6e6375732c20657569736d6f642072697375732061742c206469676e697373696d206d61757269732e20566976616d75732072686f6e63757320706f73756572652073656d20616320756c7472696365732e20496e74656765722065726f732065726f732c206d6f6c657374696520616320666163696c6973697320696e2c2066657567696174206174206e6962682e2041656e65616e206174206d61676e612070756c76696e6172206e69736920766f6c75747061742066617563696275732e20416c697175616d206572617420766f6c75747061742e3c2f703e0a3c70207374796c653d22746578742d616c69676e3a206a7573746966793b206c696e652d6865696768743a20313470783b206d617267696e3a203070782030707820313470783b2070616464696e673a203070783b20666f6e742d66616d696c793a20417269616c2c2048656c7665746963612c2073616e733b223e5365642064696374756d206f726369206c6f626f727469732c206d6178696d757320697073756d2065742c2076756c707574617465206c6f72656d2e20447569732068656e647265726974207068617265747261206c696265726f2c20612064617069627573206e69736c2074656d7075732061742e20566573746962756c756d206e6f6e206469616d2061206e756c6c6120736f64616c65732074696e636964756e74206e6563207669746165206475692e204e616d206c616f72656574206d65747573207574207669766572726120766573746962756c756d2e204d61757269732076656c206d61737361206e6563207269737573207363656c6572697371756520677261766964612e20447569732061742076656e656e61746973206f64696f2c2075742067726176696461206573742e204475697320616c6971756574206672696e67696c6c612065726f7320616320646170696275732e2050726f696e20636f6e7365717561742072757472756d2064756920666163696c69736973206566666963697475722e204d6f726269206e6f6e20656765737461732066656c69732c20757420636f6e7365637465747572207175616d2e20467573636520626c616e64697420756c7472696369657320697073756d2e2050726f696e206575206469616d206d616c6573756164612c2066657567696174207175616d206e6f6e2c20616c6971756574206e756c6c612e3c2f703e, '2016-04-22 14:11:11', '9999-12-31 00:00:00', 0, 0, ''),
(31, 1, 'New products', 0x3c70207374796c653d22746578742d616c69676e3a206a7573746966793b206c696e652d6865696768743a20313470783b206d617267696e3a203070782030707820313470783b2070616464696e673a203070783b20666f6e742d66616d696c793a20417269616c2c2048656c7665746963612c2073616e733b223e4c6f72656d20697073756d20646f6c6f722073697420616d65742c20636f6e73656374657475722061646970697363696e6720656c69742e20566976616d75732065676573746173207072657469756d2072757472756d2e2053656420616320746f72746f7220696e206c6f72656d20706f72746120696d706572646965742e2053656420656c656966656e642c2066656c697320657520636f6d6d6f646f20706f7274612c206e69736c20656c69742070656c6c656e746573717565206f64696f2c2061742076756c70757461746520746f72746f72206175677565206e6563206c6967756c612e205175697371756520756c7472696365732c20697073756d20696420737573636970697420636f6e76616c6c69732c20616e7465206e756c6c6120766573746962756c756d20656c69742c20636f6e76616c6c6973206d6178696d7573206d692074656c6c7573207365642065726f732e204d616563656e61732066617563696275732c206c6563747573206174206c6f626f7274697320636f6e76616c6c69732c20656c697420697073756d2065676573746173206d61757269732c206e6f6e206672696e67696c6c61206469616d2076656c6974206163206c656f2e204e756c6c6120657569736d6f64206469616d206574206d61676e61206469676e697373696d2c2061742072757472756d207175616d206d61747469732e204d61757269732076656c206f64696f206567657420746f72746f7220616c69717565742074656d706f722e2050726f696e207175616d206d617373612c20747269737469717565206575206d6f6c6573746965207365642c20737573636970697420736564206c616375732e2050656c6c656e746573717565206c616f7265657420746f72746f72206575206d69206d616c6573756164612c20657520636f6e7365637465747572207175616d20656c656966656e642e3c2f703e0a3c70207374796c653d22746578742d616c69676e3a206a7573746966793b206c696e652d6865696768743a20313470783b206d617267696e3a203070782030707820313470783b2070616464696e673a203070783b20666f6e742d66616d696c793a20417269616c2c2048656c7665746963612c2073616e733b223e496e74657264756d206574206d616c6573756164612066616d657320616320616e746520697073756d207072696d697320696e2066617563696275732e2041656e65616e207661726975732066656c6973206575206d6175726973206c6163696e696120736f64616c65732e2050686173656c6c757320766573746962756c756d2065726f73206d616c657375616461206c61637573206c616f726565742072757472756d2e20496e20736564206572617420636f6e73656374657475722c2076756c707574617465206c616375732073697420616d65742c20617563746f72206d61757269732e2050656c6c656e7465737175652070656c6c656e746573717565206f726e6172652075726e612c2076697461652072757472756d206c6163757320626962656e64756d20717569732e20557420766976657272612065737420616320707572757320626c616e646974206f726e6172652e2053656420617563746f722065737420736564206c696265726f2074656d706f722c206567657420626962656e64756d206e6571756520677261766964612e20496e206c616f7265657420616c697175616d206d69206120696e74657264756d2e20566573746962756c756d20616e746520697073756d207072696d697320696e206661756369627573206f726369206c756374757320657420756c74726963657320706f737565726520637562696c69612043757261653b204675736365207365642072686f6e6375732070757275732e3c2f703e0a3c70207374796c653d22746578742d616c69676e3a206a7573746966793b206c696e652d6865696768743a20313470783b206d617267696e3a203070782030707820313470783b2070616464696e673a203070783b20666f6e742d66616d696c793a20417269616c2c2048656c7665746963612c2073616e733b223e53757370656e64697373652074696e636964756e74207175616d206a7573746f2c206120626962656e64756d207475727069732070756c76696e61722061632e204475697320747269737469717565206d69206574206f64696f20756c747269636965732c207175697320636f6e736571756174206e69626820677261766964612e2050656c6c656e7465737175652061742070686172657472612076656c69742e204d6f7262692070656c6c656e7465737175652076656c697420657261742c206964206d616c657375616461206c696265726f206469676e697373696d207365642e20446f6e6563206d6f6c6c69732073656d20706f72747469746f72206665726d656e74756d20756c6c616d636f727065722e20416c697175616d2066617563696275732068656e6472657269742074696e636964756e742e204e616d2065742070757275732065752073617069656e20696d706572646965742070686172657472612e204e756c6c61207068617265747261206d61747469732061756775652076656c20756c6c616d636f727065722e204e756c6c616d206d6f6c65737469652c206c6f72656d20717569732074696e636964756e74206566666963697475722c20656e696d2073617069656e2074656d707573206c656f2c206567657374617320736167697474697320657261742074656c6c75732065742065726f732e2050726f696e206d6920617263752c2072686f6e637573206d616c657375616461206e657175652065742c20736f64616c6573207361676974746973206f64696f2e20446f6e65632073656d7065722065726174206e656320636f6e76616c6c69732076656e656e617469732e204e756c6c616d2075742075726e6120706c6163657261742c20636f6e736563746574757220746f72746f7220717569732c20636f6e67756520657261742e20566976616d75732068656e64726572697420646f6c6f722076656c206f7263692072757472756d206665726d656e74756d2e2053757370656e646973736520706f74656e74692e204e756c6c612073697420616d657420766573746962756c756d2070757275732c2061206c616f726565742061756775652e20457469616d20617420697073756d2061756775652e3c2f703e0a3c70207374796c653d22746578742d616c69676e3a206a7573746966793b206c696e652d6865696768743a20313470783b206d617267696e3a203070782030707820313470783b2070616464696e673a203070783b20666f6e742d66616d696c793a20417269616c2c2048656c7665746963612c2073616e733b223e41656e65616e20616c697175616d206d61737361206e6563206e69736c20736f64616c65732c2061742068656e6472657269742073656d2076656e656e617469732e20566976616d7573206163206e69626820656c656d656e74756d2c20636f6e6775652073617069656e2075742c20756c6c616d636f7270657220656e696d2e204e756c6c616d2075726e61206c6967756c612c206c75637475732071756973207175616d2061742c207661726975732072757472756d206f7263692e20446f6e656320657261742074656c6c75732c2074656d70757320657520706f727461207472697374697175652c206566666963697475722074656d706f72207475727069732e20517569737175652070656c6c656e7465737175652c206578206163207661726975732066696e696275732c20656c69742064756920706861726574726120656e696d2c2073697420616d6574206d6178696d7573206c6f72656d2074656c6c75732073697420616d65742070757275732e2050686173656c6c75732076656c206d61676e612076656c20617263752072686f6e6375732070686172657472612072757472756d2073697420616d65742065726f732e2050686173656c6c757320616363756d73616e206c6f72656d2070757275732c2073656420656c656d656e74756d206d617373612073616769747469732076656c2e2050656c6c656e74657371756520696e206d6174746973206d657475732e205574206c6563747573206d61676e612c206672696e67696c6c612061206665726d656e74756d2075742c206469676e697373696d2065752076656c69742e204475697320656765742065726f732072686f6e6375732c20657569736d6f642072697375732061742c206469676e697373696d206d61757269732e20566976616d75732072686f6e63757320706f73756572652073656d20616320756c7472696365732e20496e74656765722065726f732065726f732c206d6f6c657374696520616320666163696c6973697320696e2c2066657567696174206174206e6962682e2041656e65616e206174206d61676e612070756c76696e6172206e69736920766f6c75747061742066617563696275732e20416c697175616d206572617420766f6c75747061742e3c2f703e0a3c70207374796c653d22746578742d616c69676e3a206a7573746966793b206c696e652d6865696768743a20313470783b206d617267696e3a203070782030707820313470783b2070616464696e673a203070783b20666f6e742d66616d696c793a20417269616c2c2048656c7665746963612c2073616e733b223e5365642064696374756d206f726369206c6f626f727469732c206d6178696d757320697073756d2065742c2076756c707574617465206c6f72656d2e20447569732068656e647265726974207068617265747261206c696265726f2c20612064617069627573206e69736c2074656d7075732061742e20566573746962756c756d206e6f6e206469616d2061206e756c6c6120736f64616c65732074696e636964756e74206e6563207669746165206475692e204e616d206c616f72656574206d65747573207574207669766572726120766573746962756c756d2e204d61757269732076656c206d61737361206e6563207269737573207363656c6572697371756520677261766964612e20447569732061742076656e656e61746973206f64696f2c2075742067726176696461206573742e204475697320616c6971756574206672696e67696c6c612065726f7320616320646170696275732e2050726f696e20636f6e7365717561742072757472756d2064756920666163696c69736973206566666963697475722e204d6f726269206e6f6e20656765737461732066656c69732c20757420636f6e7365637465747572207175616d2e20467573636520626c616e64697420756c7472696369657320697073756d2e2050726f696e206575206469616d206d616c6573756164612c2066657567696174207175616d206e6f6e2c20616c6971756574206e756c6c612e3c2f703e, '2016-04-22 14:13:05', '9999-12-31 00:00:00', 0, 0, ''),
(32, 1, 'My favorite things', 0x3c703e49276d20736f206578636974656420746f207368617265206d79206661766f72697465207468696e6773207769746820796f752e20466f722073746172746572732c206c6f72656d20697073756d20646f6c6f722073697420616d65742c20636f6e73656374657475722061646970697363696e6720656c69742e2050656c6c656e74657371756520612076656c69742076656c206e6973692064696374756d20636f6e7365717561742e204d6f72626920636f6e73657175617420726973757320616c69717565742070756c76696e61722070756c76696e61722e20446f6e6563206e6f6e2072757472756d206e6962682e2043756d20736f63696973206e61746f7175652070656e617469627573206574206d61676e6973206469732070617274757269656e74206d6f6e7465732c206e61736365747572207269646963756c7573206d75732e20457469616d20656c656966656e64206c616f72656574206c6f72656d2c20706f7375657265206d616c6573756164612073617069656e20626c616e64697420696e2e20566976616d7573207363656c6572697371756520616c6971756574206665726d656e74756d2e20566976616d757320696d706572646965742076656c69742074696e636964756e74206d6f6c6c697320756c7472696365732e2053656420656666696369747572206175677565206e657175652c2076656c20636f6e64696d656e74756d206e69736920706f73756572652068656e6472657269742e20566976616d75732067726176696461207175616d2075726e612e204d616563656e6173206120707572757320696e206d6574757320706f7375657265207665686963756c612073697420616d6574206575206c6f72656d2e2044756973206175677565206f7263692c20736f64616c6573206e65632075726e612065742c206d6f6c65737469652064696374756d206d617373612e2050726f696e206e656320756c7472696369657320746f72746f722e204e756e6320766f6c7574706174206c656f20697073756d2c2073697420616d6574206d6f6c6573746965206f64696f20636f6e6775652076697461652e204e756e6320766f6c75747061742064617069627573207175616d2c2073697420616d657420636f6e736563746574757220656c6974207072657469756d207365642e205072616573656e7420736f6c6c696369747564696e2068656e647265726974206f7263692c2061742066657567696174206f64696f206c6163696e69612073697420616d65742e20457469616d20617563746f72206c61637573206e756e632c207365642074656d7075732066656c69732073656d7065722075742e3c2f703e0a3c703e4e756c6c612073697420616d65742064617069627573206d61676e612e2053656420766f6c757470617420637572737573206c656f2061207072657469756d2e204d61757269732061742074757270697320696e2074757270697320636f6e7365637465747572206d6178696d75732e20496e20696e2065726174207574206c65637475732074696e636964756e74206c6f626f727469732e20467573636520636f6e64696d656e74756d206e756c6c61206e69736c2c2073697420616d65742072686f6e637573206c656374757320677261766964612065742e20416c697175616d206e6f6e20656c656d656e74756d20746f72746f722e2050656c6c656e74657371756520696e74657264756d206e6973692073697420616d657420706f7375657265206c6f626f727469732e20437572616269747572206d6174746973206964206d69206e6563206c75637475732e3c2f703e0a3c703e517569737175652072686f6e637573206e6563206c656f206567657420736f64616c65732e20416c697175616d2073697420616d657420657261742074696e636964756e742c206c6f626f727469732065726f732061632c20636f6e76616c6c6973206d61676e612e204d616563656e6173207365642065737420696e74657264756d206572617420616c6971756574206d6f6c6573746965207574206e6563206475692e20566976616d7573206c6f72656d20656c69742c20756c6c616d636f7270657220696e20656e696d207365642c20736f64616c657320636f6e677565206e6973692e20557420756c6c616d636f72706572206c6563747573206120656c69742064696374756d2c206120616c697175616d206c656f20677261766964612e2050656c6c656e746573717565206d6178696d75732076656c6974207661726975732074757270697320696163756c6973207661726975732e20496e74656765722070656c6c656e746573717565206572617420696420616e746520656c656d656e74756d2c20696e20756c7472696365732073617069656e20656c656d656e74756d2e20536564206c696265726f206c656f2c20636f6d6d6f646f2065676574206c6f72656d20717569732c20706f737565726520666163696c697369732073617069656e2e2043757261626974757220696e20756c7472696365732070757275732e205365642074696e636964756e742076656c6974206163206573742068656e64726572697420706f72747469746f722e20446f6e656320636f6e677565206d65747573206163206d6574757320616363756d73616e2073757363697069742e3c2f703e, '2016-04-25 10:19:14', '9999-12-31 00:00:00', 0, 0, '');
INSERT INTO `post` (`post_id`, `user_id`, `post_title`, `post_content`, `post_datetime`, `expire_datetime`, `flagged_for_review`, `draft`, `editor_comments`) VALUES
(33, 1, 'Lorem ipsum', 0x3c70207374796c653d226d617267696e3a203070782030707820313570783b2070616464696e673a203070783b20746578742d616c69676e3a206a7573746966793b20666f6e742d66616d696c793a20274f70656e2053616e73272c20417269616c2c2073616e732d73657269663b20666f6e742d73697a653a20313470783b206c696e652d6865696768743a20323070783b223e4c6f72656d20697073756d20646f6c6f722073697420616d65742c20636f6e73656374657475722061646970697363696e6720656c69742e2050686173656c6c7573206e6f6e20756c6c616d636f72706572206e657175652c20657520626c616e646974207175616d2e204e616d206c75637475732c2061726375206e6f6e206c756374757320766976657272612c20656e696d20746f72746f722074656d706f72206f64696f2c20736564206672696e67696c6c61206d69206c696265726f206c616f7265657420617263752e204e756e6320677261766964612074696e636964756e7420756c7472696365732e20446f6e656320617263752076656c69742c20737573636970697420696420616363756d73616e2076697461652c20617563746f72206e6563206e6962682e204e616d206f64696f207175616d2c206c6f626f72746973206e65632070656c6c656e7465737175652075742c206d6174746973207669746165206d61676e612e204e756e63206469616d2066656c69732c2074656d707573206964206c65637475732065742c20706f72746120636f6e64696d656e74756d2073617069656e2e2050656c6c656e7465737175652074656c6c7573206e657175652c20636f6e6775652061632065782065742c206c6f626f72746973206f726e617265206c656f2e2050656c6c656e746573717565206567657420656c656966656e64206c6967756c612e204e616d206e6563206d6175726973206c6967756c612e204d6f72626920766573746962756c756d2064696374756d206e657175652065752070756c76696e61722e20496e20616c697175616d2066656c6973206d657475732c20757420766f6c7574706174206c656f206c75637475732069642e2053757370656e646973736520616363756d73616e2072697375732076656c206e657175652072686f6e63757320636f6e7365717561742e3c2f703e0a3c70207374796c653d226d617267696e3a203070782030707820313570783b2070616464696e673a203070783b20746578742d616c69676e3a206a7573746966793b20666f6e742d66616d696c793a20274f70656e2053616e73272c20417269616c2c2073616e732d73657269663b20666f6e742d73697a653a20313470783b206c696e652d6865696768743a20323070783b223e5072616573656e7420617563746f72207175616d2065676574206a7573746f20706f72746120766976657272612e205072616573656e7420706f7375657265206469616d2065676574206f72636920636f6e64696d656e74756d2c2071756973207072657469756d206e657175652066617563696275732e20437261732072757472756d20746f72746f722076656c206d61676e612073757363697069742c2065676574206d6f6c6573746965206d617572697320636f6e76616c6c69732e2050726f696e20766573746962756c756d2c206e756c6c61206e6f6e207068617265747261206f726e6172652c206f64696f206e69736c20766172697573206e6973692c2065752066696e69627573206f64696f20647569206574206f7263692e204d6f7262692065666669636974757220766573746962756c756d20617263752c206174207072657469756d206e69736920656666696369747572207365642e20467573636520666163696c697369732076656c6974206e6f6e206c6163696e69612072686f6e6375732e2041656e65616e20766f6c757470617420736f64616c65732064696374756d2e2050656c6c656e746573717565207574206e6571756520657520646f6c6f72206d6f6c6c6973206c6f626f727469732e2050686173656c6c7573207574206e756c6c61206c696265726f2e3c2f703e0a3c70207374796c653d226d617267696e3a203070782030707820313570783b2070616464696e673a203070783b20746578742d616c69676e3a206a7573746966793b20666f6e742d66616d696c793a20274f70656e2053616e73272c20417269616c2c2073616e732d73657269663b20666f6e742d73697a653a20313470783b206c696e652d6865696768743a20323070783b223e496e206861632068616269746173736520706c617465612064696374756d73742e2053656420766974616520656c6974206672696e67696c6c6120746f72746f7220766f6c75747061742074656d7075732065752061206c6f72656d2e204e756e6320617420617563746f7220746f72746f722e20457469616d20657520666175636962757320657261742e20457469616d20766f6c75747061742c2070757275732061206c756374757320636f6e76616c6c69732c2066656c6973207175616d20706c616365726174206c6967756c612c2065676574207669766572726120657374206c61637573207574206c656f2e20496e7465676572206e69736920617263752c20766f6c757470617420616320697073756d2070656c6c656e7465737175652c207363656c6572697371756520756c747269636965732075726e612e2046757363652076697461652074696e636964756e7420657261742c206e65632076697665727261206e69736c2e2050656c6c656e74657371756520696d70657264696574206d6920706c616365726174206572617420696d7065726469657420656c656966656e642e20496e74656765722068656e647265726974206c6f72656d207475727069732c2076656c206d6178696d7573206d61737361206672696e67696c6c6120696e2e20457469616d2065752075726e612065676574206c6f72656d206672696e67696c6c6120696163756c6973207365642065676574206e6962682e20517569737175652071756973206d617373612065676574206172637520706f72747469746f722074696e636964756e742e20566573746962756c756d20696e74657264756d2066696e69627573206c656f20617563746f72206d616c6573756164612e3c2f703e, '2016-04-25 13:35:53', '9999-12-31 00:00:00', 0, 0, ''),
(34, 1, 'Lipsum', 0x3c70207374796c653d226d617267696e3a203070782030707820313570783b2070616464696e673a203070783b20746578742d616c69676e3a206a7573746966793b20666f6e742d66616d696c793a20274f70656e2053616e73272c20417269616c2c2073616e732d73657269663b20666f6e742d73697a653a20313470783b206c696e652d6865696768743a20323070783b223e4c6f72656d20697073756d20646f6c6f722073697420616d65742c20636f6e73656374657475722061646970697363696e6720656c69742e2050686173656c6c7573206e6f6e20756c6c616d636f72706572206e657175652c20657520626c616e646974207175616d2e204e616d206c75637475732c2061726375206e6f6e206c756374757320766976657272612c20656e696d20746f72746f722074656d706f72206f64696f2c20736564206672696e67696c6c61206d69206c696265726f206c616f7265657420617263752e204e756e6320677261766964612074696e636964756e7420756c7472696365732e20446f6e656320617263752076656c69742c20737573636970697420696420616363756d73616e2076697461652c20617563746f72206e6563206e6962682e204e616d206f64696f207175616d2c206c6f626f72746973206e65632070656c6c656e7465737175652075742c206d6174746973207669746165206d61676e612e204e756e63206469616d2066656c69732c2074656d707573206964206c65637475732065742c20706f72746120636f6e64696d656e74756d2073617069656e2e2050656c6c656e7465737175652074656c6c7573206e657175652c20636f6e6775652061632065782065742c206c6f626f72746973206f726e617265206c656f2e2050656c6c656e746573717565206567657420656c656966656e64206c6967756c612e204e616d206e6563206d6175726973206c6967756c612e204d6f72626920766573746962756c756d2064696374756d206e657175652065752070756c76696e61722e20496e20616c697175616d2066656c6973206d657475732c20757420766f6c7574706174206c656f206c75637475732069642e2053757370656e646973736520616363756d73616e2072697375732076656c206e657175652072686f6e63757320636f6e7365717561742e3c2f703e0a3c70207374796c653d226d617267696e3a203070782030707820313570783b2070616464696e673a203070783b20746578742d616c69676e3a206a7573746966793b20666f6e742d66616d696c793a20274f70656e2053616e73272c20417269616c2c2073616e732d73657269663b20666f6e742d73697a653a20313470783b206c696e652d6865696768743a20323070783b223e5072616573656e7420617563746f72207175616d2065676574206a7573746f20706f72746120766976657272612e205072616573656e7420706f7375657265206469616d2065676574206f72636920636f6e64696d656e74756d2c2071756973207072657469756d206e657175652066617563696275732e20437261732072757472756d20746f72746f722076656c206d61676e612073757363697069742c2065676574206d6f6c6573746965206d617572697320636f6e76616c6c69732e2050726f696e20766573746962756c756d2c206e756c6c61206e6f6e207068617265747261206f726e6172652c206f64696f206e69736c20766172697573206e6973692c2065752066696e69627573206f64696f20647569206574206f7263692e204d6f7262692065666669636974757220766573746962756c756d20617263752c206174207072657469756d206e69736920656666696369747572207365642e20467573636520666163696c697369732076656c6974206e6f6e206c6163696e69612072686f6e6375732e2041656e65616e20766f6c757470617420736f64616c65732064696374756d2e2050656c6c656e746573717565207574206e6571756520657520646f6c6f72206d6f6c6c6973206c6f626f727469732e2050686173656c6c7573207574206e756c6c61206c696265726f2e3c2f703e0a3c70207374796c653d226d617267696e3a203070782030707820313570783b2070616464696e673a203070783b20746578742d616c69676e3a206a7573746966793b20666f6e742d66616d696c793a20274f70656e2053616e73272c20417269616c2c2073616e732d73657269663b20666f6e742d73697a653a20313470783b206c696e652d6865696768743a20323070783b223e496e206861632068616269746173736520706c617465612064696374756d73742e2053656420766974616520656c6974206672696e67696c6c6120746f72746f7220766f6c75747061742074656d7075732065752061206c6f72656d2e204e756e6320617420617563746f7220746f72746f722e20457469616d20657520666175636962757320657261742e20457469616d20766f6c75747061742c2070757275732061206c756374757320636f6e76616c6c69732c2066656c6973207175616d20706c616365726174206c6967756c612c2065676574207669766572726120657374206c61637573207574206c656f2e20496e7465676572206e69736920617263752c20766f6c757470617420616320697073756d2070656c6c656e7465737175652c207363656c6572697371756520756c747269636965732075726e612e2046757363652076697461652074696e636964756e7420657261742c206e65632076697665727261206e69736c2e2050656c6c656e74657371756520696d70657264696574206d6920706c616365726174206572617420696d7065726469657420656c656966656e642e20496e74656765722068656e647265726974206c6f72656d207475727069732c2076656c206d6178696d7573206d61737361206672696e67696c6c6120696e2e20457469616d2065752075726e612065676574206c6f72656d206672696e67696c6c6120696163756c6973207365642065676574206e6962682e20517569737175652071756973206d617373612065676574206172637520706f72747469746f722074696e636964756e742e20566573746962756c756d20696e74657264756d2066696e69627573206c656f20617563746f72206d616c6573756164612e3c2f703e, '2016-04-11 00:00:00', '9999-12-31 00:00:00', 0, 0, ''),
(35, 1, 'Lorem ipsum', 0x3c703e5468697320697320776865726520796f752063616e20616464206120706f737421203c7374726f6e673e5374796c652069743c2f7374726f6e673e203c753e686f776576657220796f753c2f753e203c656d3e6c696b652e3c2f656d3e3c2f703e, '2016-04-25 14:10:58', '2001-12-31 00:00:00', 0, 0, ''),
(36, 1, 'Oldest post', 0x3c703e4f6c6420706f737420686572653c2f703e, '2016-03-01 00:00:00', '9999-12-31 00:00:00', 0, 0, '');

-- --------------------------------------------------------

--
-- Table structure for table `post_category`
--

CREATE TABLE IF NOT EXISTS `post_category` (
  `post_id` int(11) NOT NULL,
  `category_id` int(11) NOT NULL,
  KEY `category_id` (`category_id`),
  KEY `post_id` (`post_id`)
) ENGINE=InnoDB DEFAULT CHARSET=latin1;

--
-- Dumping data for table `post_category`
--

INSERT INTO `post_category` (`post_id`, `category_id`) VALUES
(28, 4),
(28, 2),
(28, 3),
(29, 4),
(29, 3),
(32, 3),
(32, 4),
(33, 2),
(33, 4);

-- --------------------------------------------------------

--
-- Table structure for table `post_tag`
--

CREATE TABLE IF NOT EXISTS `post_tag` (
  `post_id` int(11) NOT NULL,
  `tag_id` int(11) NOT NULL,
  KEY `post_id` (`post_id`),
  KEY `tag_id` (`tag_id`)
) ENGINE=InnoDB DEFAULT CHARSET=latin1;

--
-- Dumping data for table `post_tag`
--

INSERT INTO `post_tag` (`post_id`, `tag_id`) VALUES
(30, 13),
(30, 7),
(30, 8),
(30, 14),
(31, 89),
(31, 90),
(31, 91),
(32, 89),
(32, 7),
(32, 8),
(32, 90),
(33, 89),
(33, 90),
(34, 89);

-- --------------------------------------------------------

--
-- Table structure for table `tag`
--

CREATE TABLE IF NOT EXISTS `tag` (
  `tag_id` int(11) NOT NULL AUTO_INCREMENT,
  `tag_name` varchar(140) NOT NULL,
  PRIMARY KEY (`tag_id`),
  UNIQUE KEY `tag_name` (`tag_name`)
) ENGINE=InnoDB  DEFAULT CHARSET=latin1 AUTO_INCREMENT=104 ;

--
-- Dumping data for table `tag`
--

INSERT INTO `tag` (`tag_id`, `tag_name`) VALUES
(4, 'check'),
(2, 'deals'),
(100, 'hot'),
(102, 'hot deals'),
(90, 'ipsum'),
(89, 'lorem'),
(1, 'sales'),
(91, 'some stuff'),
(13, 'tag1'),
(63, 'tag10'),
(14, 'tag2'),
(46, 'tag3'),
(15, 'tag4'),
(16, 'tag5'),
(7, 'tag8'),
(8, 'tag9'),
(3, 'test');

-- --------------------------------------------------------

--
-- Table structure for table `user`
--

CREATE TABLE IF NOT EXISTS `user` (
  `user_id` int(11) NOT NULL AUTO_INCREMENT,
  `username` varchar(20) NOT NULL,
  `password` varchar(50) NOT NULL,
  `enabled` tinyint(1) NOT NULL,
  PRIMARY KEY (`user_id`),
  UNIQUE KEY `user_id` (`user_id`),
  UNIQUE KEY `name` (`username`)
) ENGINE=InnoDB  DEFAULT CHARSET=latin1 AUTO_INCREMENT=3 ;

--
-- Dumping data for table `user`
--

INSERT INTO `user` (`user_id`, `username`, `password`, `enabled`) VALUES
(1, 'admin', 'admin', 1),
(2, 'editor', 'editor', 1);

--
-- Constraints for dumped tables
--

--
-- Constraints for table `authorities`
--
ALTER TABLE `authorities`
  ADD CONSTRAINT `authorities_ibfk_1` FOREIGN KEY (`username`) REFERENCES `user` (`username`) ON DELETE CASCADE ON UPDATE CASCADE;

--
-- Constraints for table `page`
--
ALTER TABLE `page`
  ADD CONSTRAINT `page_ibfk_1` FOREIGN KEY (`user_id`) REFERENCES `user` (`user_id`) ON DELETE NO ACTION ON UPDATE NO ACTION,
  ADD CONSTRAINT `page_ibfk_2` FOREIGN KEY (`parent_id`) REFERENCES `page` (`page_id`) ON DELETE NO ACTION ON UPDATE NO ACTION;

--
-- Constraints for table `post`
--
ALTER TABLE `post`
  ADD CONSTRAINT `post_ibfk_1` FOREIGN KEY (`user_id`) REFERENCES `user` (`user_id`) ON DELETE NO ACTION ON UPDATE NO ACTION;

--
-- Constraints for table `post_category`
--
ALTER TABLE `post_category`
  ADD CONSTRAINT `post_category_ibfk_2` FOREIGN KEY (`category_id`) REFERENCES `category` (`category_id`) ON DELETE NO ACTION ON UPDATE CASCADE,
  ADD CONSTRAINT `post_category_ibfk_1` FOREIGN KEY (`post_id`) REFERENCES `post` (`post_id`) ON DELETE CASCADE ON UPDATE CASCADE;

--
-- Constraints for table `post_tag`
--
ALTER TABLE `post_tag`
  ADD CONSTRAINT `post_tag_ibfk_2` FOREIGN KEY (`tag_id`) REFERENCES `tag` (`tag_id`) ON DELETE NO ACTION ON UPDATE CASCADE,
  ADD CONSTRAINT `post_tag_ibfk_1` FOREIGN KEY (`post_id`) REFERENCES `post` (`post_id`) ON DELETE CASCADE ON UPDATE CASCADE;

/*!40101 SET CHARACTER_SET_CLIENT=@OLD_CHARACTER_SET_CLIENT */;
/*!40101 SET CHARACTER_SET_RESULTS=@OLD_CHARACTER_SET_RESULTS */;
/*!40101 SET COLLATION_CONNECTION=@OLD_COLLATION_CONNECTION */;
